BLANK,
52,
0,2,01,3E,1,0,0,
1,2,01,7E,2,0,0,
0,3,02,27,07,3,2,0,
2,3,06,67,07,4,2,0,
3,3,06,27,08,5,4,0,
1,4,03,67,08,34,6,2,0,
0,3,02,10,85,7,6,0,
1,3,02,50,85,8,6,0,
0,8,31,02,00,00,00,01,3F,FF,9,8,0,
1,3,02,71,02,10,8,0,
0,3,02,33,02,11,10,0,
9,3,02,73,02,12,10,0,
0,8,34,00,00,00,00,01,40,00,13,12,0,
1,3,02,74,FF,14,12,0,
4,1,36,15,14,0,
1,2,01,76,14,14,0,
0,2,01,37,17,16,0,
1,2,01,77,18,16,0,
6,10,31,01,00,00,00,01,3F,FF,01,39,19,18,0,
1,3,02,71,01,20,18,0,
0,3,02,33,01,21,20,0,
9,3,02,73,01,22,20,0,
0,8,31,02,08,00,00,1B,FF,FF,23,22,0,
1,3,02,71,02,24,22,0,
0,3,02,33,02,25,24,0,
9,3,02,73,02,26,24,0,
0,8,34,08,00,00,00,14,00,00,27,26,0,
1,3,02,74,FF,28,26,0,
4,1,36,29,28,0,
1,2,01,76,28,28,0,
0,2,01,37,31,30,0,
1,2,01,77,32,30,0,
6,10,31,01,08,00,00,1B,FF,FF,01,87,33,32,0,
1,3,02,71,01,34,32,0,
0,3,02,33,01,35,34,0,
9,3,02,73,01,36,34,0,
0,8,31,02,02,00,00,07,FF,FF,37,36,0,
1,3,02,71,02,38,36,0,
0,3,02,33,02,39,38,0,
9,3,02,73,02,40,38,0,
0,8,34,02,00,00,00,06,00,00,41,40,0,
1,3,02,74,FF,42,40,0,
4,1,36,43,42,0,
1,2,01,76,42,42,0,
0,2,01,37,45,44,0,
1,2,01,77,46,44,0,
6,10,31,01,02,00,00,07,FF,FF,01,8D,47,46,0,
1,3,02,71,01,48,46,0,
0,3,02,33,01,49,48,0,
9,3,02,73,01,50,48,0,
0,3,02,11,01,51,50,0,
8,3,02,51,01,52,50,0,
3,0,
000000,013FFF,0143,0000,8,0143,0,
080000,1BFFFF,157F,0144,22,157F,0,
020000,07FFFF,1B91,1580,36,1B91,0,
18DAFA00,
18DA00FA,



































